File,BJD,Flux_Star_1,Flux_err_Star_1,Minst_Star_1,Minst_err_Star_1,Star_1_x,Star_1_y,Flux_Star_2,Flux_err_Star_2,Minst_Star_2,Minst_err_Star_2,Star_2_x,Star_2_y,Flux_Star_3,Flux_err_Star_3,Minst_Star_3,Minst_err_Star_3,Star_3_x,Star_3_y,Flux_Star_4,Flux_err_Star_4,Minst_Star_4,Minst_err_Star_4,Star_4_x,Star_4_y,Flux_Star_5,Flux_err_Star_5,Minst_Star_5,Minst_err_Star_5,Star_5_x,Star_5_y,Flux_Star_6,Flux_err_Star_6,Minst_Star_6,Minst_err_Star_6,Star_6_x,Star_6_y,Flux_Star_7,Flux_err_Star_7,Minst_Star_7,Minst_err_Star_7,Star_7_x,Star_7_y
WASP36B.2025-02-17.0130_reduced.fits,2460724.5748701254,282287.05817382614,546.1749403994041,-8.186499271846655,0.0021007052564134526,497,399,54047.11755732938,264.9277800015538,-6.391703195108775,0.005322054077884423,636,436,509698.5291277208,724.8821457931656,-8.828055303153068,0.0015441103807328934,492,609,164941.11389225206,424.80924692659005,-7.60309416022555,0.002796336029387642,501,272,92046.21791035465,327.9776520380368,-6.9697867235318265,0.003868678358040408,493,233,308801.1368085016,569.492139197447,-8.28396907851446,0.002002318515541169,379,331,47220.39126584746,249.44475793352441,-6.245095805611813,0.005735471424851068,400,354
WASP36B.2025-02-17.0131_reduced.fits,2460724.576648809,276223.55260707415,543.1590443792412,-8.162923618807199,0.0021349643571605655,497,399,52597.195287955925,267.7735515330621,-6.362178318094958,0.005527508415314418,636,436,502132.80926233024,722.0295032557575,-8.811818349911709,0.001561207628993531,492,609,161486.79347969237,424.33718785570517,-7.580114380276031,0.0028529778686709013,501,272,90656.8782100313,330.3288489628574,-6.95327375224104,0.003956125534834146,493,233,302276.1189920617,566.3464207970497,-8.26078144624274,0.0020342421212265456,379,331,44585.431397351516,247.583141928311,-6.18275428516509,0.006029099023034363,400,354
WASP36B.2025-02-17.0132_reduced.fits,2460724.5784274233,291172.8578819912,560.32151074924,-8.220149075138913,0.0020893477329943393,497,399,54788.10835078812,278.8865382236516,-6.40648761727324,0.005526695859444192,636,436,526037.4801286788,741.0610654019945,-8.862313574119527,0.0015295427779152876,492,609,171279.2883296837,440.75909538785965,-7.6440339768213015,0.002793963660789603,501,272,95297.47996680951,344.4806921931597,-7.007475393280346,0.00392471195969209,493,233,320312.22741800064,586.132300209636,-8.32370564609191,0.0019867648020982158,379,331,47775.48465559636,263.4616694247793,-6.257784605921412,0.00598737773405284,400,354
WASP36B.2025-02-17.0133_reduced.fits,2460724.580217519,300142.6636375347,569.8303740792373,-8.253091183354023,0.002061304648298343,497,399,56524.54606082784,283.8595292215017,-6.4403645605734985,0.005452437735806363,636,436,542139.2089830447,752.6632327681644,-8.89504889679913,0.0015073503415102539,492,609,176042.47262721215,447.49297551029326,-7.6738155020428,0.002759898322465198,501,272,98043.76034066227,349.23074607333723,-7.0383217516067385,0.003867379867000661,493,233,328151.30698377406,593.6430892835518,-8.349957198197187,0.001964154281949836,379,331,46227.32170908582,260.19589351184186,-6.222018683043404,0.0061111933694327,400,354
WASP36B.2025-02-17.0134_reduced.fits,2460724.581991469,288146.85311278416,554.1471356778577,-8.208806554760379,0.002088024219139986,497,399,53893.88459357727,269.7333575151296,-6.388620572473204,0.005433998200234495,636,436,523320.15325345815,736.3097166775138,-8.856690502119559,0.0015276272322820095,492,609,168911.0740548234,432.8332969864251,-7.628917161061009,0.0027821904738493364,501,272,93288.24160166651,334.3121343735544,-6.984339120105218,0.003890895377031616,493,233,316063.88979058916,578.4644445043024,-8.309209053993028,0.0019871292192845794,379,331,47850.882941794844,255.44728095750003,-6.259496741771039,0.0057960970475705205,400,354
WASP36B.2025-02-17.0135_reduced.fits,2460724.583798705,293726.9161136255,558.5669293763219,-8.229631216318564,0.002064694465283011,497,399,55918.451197083596,273.0249520885595,-6.428659687411438,0.005301167484774025,636,436,529413.8380226039,740.0920970929542,-8.869260074535708,0.0015178008713759403,492,609,171937.05627111567,435.7886735983731,-7.648195569670408,0.0027518881084203097,501,272,95274.56975158493,336.1724545627587,-7.007214342929209,0.003830976155682114,493,233,320548.7719824413,581.8332239979441,-8.324507145978954,0.001970737222042198,379,331,48916.21541385573,257.2006448734474,-6.283403974474417,0.005708782857864773,400,354
WASP36B.2025-02-17.0137_reduced.fits,2460724.587351269,305260.0733146109,584.8168110189144,-8.27144686283649,0.002080051865217307,497,399,56418.61525683777,304.4111969328948,-6.438327908836923,0.00585817741430199,636,436,547919.7160009138,764.652224389991,-8.906564172604103,0.0015152048371766674,492,609,176508.44446733018,461.68264397141854,-7.676685571398951,0.0028398956388797905,501,272,100210.61118881157,370.1644352711758,-7.062056129660684,0.004010562597313393,493,233,331948.91570879647,606.8038854826732,-8.36244998833181,0.001984729928247166,379,331,43990.767785274766,271.2242268107773,-6.168175707177825,0.0066940855429798475,400,354
WASP36B.2025-02-17.0138_reduced.fits,2460724.5891205664,302456.7749745468,581.1150153026732,-8.26143014502722,0.0020860422494942727,497,399,56027.54446054206,301.9424622828684,-6.43077582461906,0.005851226681640554,636,436,536099.7877701572,755.6327435173539,-8.882885940605616,0.0015303453682567836,492,609,175085.5341944251,458.57942798423477,-7.667897516269279,0.0028437317223869796,501,272,98028.22169388832,365.1830130659722,-7.038149663058077,0.0040446762350388205,493,233,328150.64763831237,602.591030923427,-8.349955016654883,0.0019937638509774022,379,331,43230.97142051861,267.59207427387656,-6.149259338478691,0.006720515260214083,400,354
WASP36B.2025-02-17.0139_reduced.fits,2460724.5908857896,304445.15133673063,591.0052448289787,-8.26854450679116,0.0021076893118361435,497,399,54985.37220566982,312.97858018441696,-6.410389775400911,0.006180046841348416,636,436,543582.7902710143,766.610903031095,-8.897936098851865,0.0015312059676653939,492,609,177755.53341670154,471.26937276438673,-7.684329674668896,0.0028785276630711827,501,272,98793.1886053678,378.4151166489582,-7.046589359247964,0.004158778539021881,493,233,331902.21767708106,613.2664960090965,-8.362297237989878,0.0020061500117183814,379,331,39705.551388291955,270.49529264426627,-6.056899930902901,0.007396611359668086,400,354
WASP36B.2025-02-17.0140_reduced.fits,2460724.592657147,290714.17423121905,572.7410607377717,-8.21843736987023,0.002139027817405248,497,399,53691.67672061489,302.20823486949695,-6.384539268915399,0.006111159904378254,636,436,516510.0182505672,744.1810161142341,-8.842468726190333,0.0015643148119867656,492,609,168371.30096127497,453.14548487496654,-7.625442021333862,0.0029220921626339786,501,272,94806.30877703379,363.1081822679891,-7.001864947179872,0.00415836988928074,493,233,311596.63701210317,589.7389951564888,-8.293753756834452,0.002054903366541174,379,331,39346.22051835257,262.49347923974096,-6.047029406496485,0.007243355782814742,400,354
WASP36B.2025-02-17.0141_reduced.fits,2460724.5944346497,286708.9444573246,572.8462472627135,-8.203374956961628,0.0021693076635268056,497,399,52001.62345297463,303.2388859219306,-6.349814107873887,0.00633129151119083,636,436,504844.8779792428,738.3137711036348,-8.817666738317618,0.0015878421802898472,492,609,164565.0517782675,453.08160481770267,-7.600615879257191,0.002989256204429786,501,272,91657.91542045731,363.9456184384043,-6.965196791972687,0.00431112722440848,493,233,307063.12900581706,589.3121741191688,-8.277841030144957,0.002083732962070438,379,331,34734.43820533919,249.92568988239287,-5.91167254983583,0.007812228555427032,400,354
WASP36B.2025-02-17.0142_reduced.fits,2460724.596778057,301337.6105618951,587.3288468125423,-8.257405202952308,0.0021161785676011304,497,399,57606.28366724404,317.27240372884717,-6.460946498990348,0.005979801396126542,636,436,556188.5661218038,774.8878367680435,-8.922826993826563,0.0015126592494918796,492,609,178529.6336952228,471.5579249403068,-7.689047637124821,0.0028678012784272445,501,272,99202.01732413248,377.45036321874494,-7.05107311197585,0.004131080555616931,493,233,333240.24030206655,613.9656444410377,-8.366665449788403,0.0020003728482581988,379,331,38009.0634456381,264.54726775348786,-6.009489773842746,0.007556843563920193,400,354
WASP36B.2025-02-17.0143_reduced.fits,2460724.598553592,282335.75842951174,549.7173554047585,-8.186686567256459,0.0021139654377001203,497,399,54379.244664545666,273.1770440053521,-6.398354779563698,0.005454253894386886,636,436,522339.15910930635,736.5539211165808,-8.85465331628121,0.0015310038410225465,492,609,167998.34132851422,433.4959515035879,-7.623034337100608,0.0028015886671354565,501,272,93094.44281601731,335.93170578508244,-6.98208124476121,0.003917883863571134,493,233,312700.62924190424,576.5770167916827,-8.297593740277946,0.0020019484561954173,379,331,46964.63837717638,255.5563027823286,-6.2391993090187885,0.005907992478437704,400,354
WASP36B.2025-02-17.0144_reduced.fits,2460724.600320609,279967.46474348265,546.2031467705577,-8.177540763722025,0.0021182194586252118,497,399,54518.395882347606,270.4445627860708,-6.401129524665144,0.0053859151290967175,636,436,523143.869050533,736.2107723442808,-8.856324702361183,0.0015279366483217248,492,609,167511.79869754618,431.28704171553625,-7.619885357341842,0.002795408797914405,501,272,94850.12205612399,336.6204807382533,-7.002366587582939,0.0038532480009287546,493,233,311557.281426835,574.2654246045339,-8.293616616450423,0.002001239578733335,379,331,47457.258544666554,254.27641498988953,-6.250528469338033,0.0058173842787565,400,354
WASP36B.2025-02-17.0145_reduced.fits,2460724.6020874754,281654.1114638269,549.5833535388937,-8.184062090508286,0.002118565006448339,497,399,54896.7867605859,274.5391685854207,-6.4086391646250735,0.00542977344479835,636,436,523964.9916317318,737.7559848149084,-8.858027529509672,0.001528744087455222,492,609,166990.30719508283,432.5060103847348,-7.616500011459447,0.002812064018192485,501,272,94204.44416434415,337.7518294324947,-6.994950330959876,0.0038926973423717656,493,233,314338.6108448356,578.1058136916264,-8.3032661762614,0.0019967970540405184,379,331,46434.622422821536,254.18854591358,-6.226876648582083,0.005943446780296404,400,354
WASP36B.2025-02-17.0146_reduced.fits,2460724.6038612514,281302.17834564677,548.4493112455652,-8.18270459052203,0.0021168384731180133,497,399,53643.472045135364,269.4600645479322,-6.383564051281152,0.005453833181603004,636,436,519464.1229508476,733.877661819392,-8.848660747769806,0.0015338836930148313,492,609,167157.01798037897,431.6387554293654,-7.617583389578622,0.002803626373625615,501,272,93053.03817222858,334.9763501317472,-6.981598245783096,0.003908480133691299,493,233,314452.414420238,577.565356543957,-8.303659186525321,0.001994208310882198,379,331,47019.957175742806,254.50446427036934,-6.2404774254801065,0.005876753781338306,400,354
WASP36B.2025-02-17.0147_reduced.fits,2460724.605630525,273117.1403591453,537.4590416980416,-8.150644243773886,0.0021365877636929974,497,399,53121.160824437065,263.12211594887754,-6.37294074445324,0.0053779172579158365,636,436,506635.15291083633,722.6593133564112,-8.821510152483231,0.001548683259952931,492,609,162626.41914866574,422.4343210515762,-7.587749600931257,0.0028202812242876497,501,272,91172.26749195097,327.4353971611147,-6.959428742403473,0.0038993048565844324,493,233,304807.6968953863,565.9624283239399,-8.269836675999759,0.002015978944176821,379,331,46600.91108422977,247.90228971913277,-6.230757871284595,0.005775777445724378,400,354
WASP36B.2025-02-17.0148_reduced.fits,2460724.607429023,280361.5439706851,546.71248411992,-8.179067959881452,0.0021172145408940852,497,399,55294.20313933777,271.99515340005456,-6.416470861609936,0.005340794672834077,636,436,521506.9157709845,734.9268055796554,-8.852922032451552,0.0015300595572839497,492,609,165953.6625226079,429.36051134877096,-7.609738956195934,0.0028090507011336225,501,272,92788.99491001037,333.34468660493354,-6.9785130285417445,0.0039005099178165904,493,233,312993.2674226008,575.597979012722,-8.298609341972442,0.001996680536760311,379,331,47398.71653435385,253.9840027547127,-6.249188307305796,0.00581787118687726,400,354
WASP36B.2025-02-17.0149_reduced.fits,2460724.609200588,280676.9685606572,546.0168415248759,-8.180288795619596,0.0021121442784968764,497,399,54978.98620146224,269.3276886390244,-6.41026367061423,0.00531873798886885,636,436,521200.74576543184,733.8030853469205,-8.852284423500059,0.0015286174921993227,492,609,168776.22480338637,431.75883230662953,-7.628050023192649,0.0027775013720415668,501,272,94435.0373799862,334.4951177434599,-6.9976047437630475,0.0038457490961493054,493,233,312975.7675654183,574.6197190621141,-8.298548635364082,0.0019933985234920066,379,331,47171.95586820845,251.24197822495339,-6.24398156126848,0.0057827263443559545,400,354
WASP36B.2025-02-17.0150_reduced.fits,2460724.610998125,277558.21611341543,541.025112570197,-8.168157071324284,0.002116350798856477,497,399,54002.45100095129,263.8750984991801,-6.390805531178948,0.005305291568518446,636,436,513985.6863358399,727.480946167483,-8.837149414285186,0.001536720617954415,492,609,166018.34034987196,425.58812329509567,-7.610162022352035,0.0027832854659476684,501,272,93861.37765766974,330.32754152683987,-6.9909891631465175,0.0038210452500760635,493,233,309428.0026053942,569.464878644867,-8.286170887135484,0.001998166393722984,379,331,47948.51626968495,249.71145773218478,-6.261709784367429,0.0056544141820333285,400,354
WASP36B.2025-02-17.0151_reduced.fits,2460724.612769806,282834.9468175937,553.0599224844631,-8.188604525996515,0.002123065724368802,497,399,55384.93722784944,279.6792673692781,-6.418251021930029,0.005482680336962891,636,436,524905.5773110719,739.7707781315048,-8.859974820681195,0.0015301721904994632,492,609,167949.13530166115,436.7234469486166,-7.622716282827574,0.002823274183384196,501,272,94203.32349350592,342.467635012481,-6.994937414794923,0.003947095458012967,493,233,314847.55341894994,580.7343387395185,-8.305022659575123,0.0020026336240153773,379,331,46212.526339666074,259.0161917053757,-6.221671130148888,0.006085433522635905,400,354
WASP36B.2025-02-17.0152_reduced.fits,2460724.614564484,266289.6915919791,531.67254804255,-8.123157739061112,0.0021677749935971984,497,399,51814.683796513906,260.94095685957143,-6.345903982810267,0.00546781382048552,636,436,492712.3377457331,713.329888401178,-8.791255445727208,0.0015718869336958105,492,609,159118.38165276218,418.51052193376074,-7.564072734997626,0.0028556853143925707,501,272,88682.23985433952,323.58521281961043,-6.929363486338352,0.0039616520902006035,493,233,297909.94591690734,560.3179111758642,-8.24498435901141,0.0020420850350117807,379,331,44550.640095416995,244.1089325609757,-6.181906723063538,0.005949138001578946,400,354
WASP36B.2025-02-17.0153_reduced.fits,2460724.6163477735,282650.90050403465,550.1502513375863,-8.187897785928712,0.0021132713353074054,497,399,54708.18532656696,273.15775933951244,-6.404902625973773,0.005421076702785372,636,436,523683.13511469687,737.0505800794368,-8.857443322227356,0.00152810439342286,492,609,169389.65479949568,435.13280217475824,-7.631989059781289,0.0027890690122617722,501,272,95667.03317161422,340.5799006413481,-7.0116776169115544,0.0038652806142310376,493,233,316023.6836979604,579.3166314206825,-8.309070930061127,0.001990309819162504,379,331,46312.87126887769,253.5798939009813,-6.224026119549391,0.0059448024720513614,400,354
WASP36B.2025-02-17.0154_reduced.fits,2460724.6181122903,280318.5561794845,549.3775029487045,-8.17890147135672,0.0021278614343643604,497,399,54646.26528497257,276.16561080632266,-6.403673067638137,0.005486980685650308,636,436,519988.3895072987,735.6528284256759,-8.84975596899969,0.001536043738805952,492,609,166972.63288742243,433.91995070389896,-7.616385090709653,0.0028215557980913538,501,272,94049.61103643464,339.7833215686273,-6.993164361776967,0.003922557998215595,493,233,314292.1117102816,579.3620677738944,-8.30310555479587,0.0020014322638345506,379,331,46043.959303614305,255.91457609679023,-6.217703505837936,0.006034574888780334,400,354
WASP36B.2025-02-17.0155_reduced.fits,2460724.619881587,275761.5303933027,545.0822304946263,-8.16110605388564,0.0021461133878038,497,399,52358.6505767741,270.0738534303158,-6.357242965076466,0.005600391862618181,636,436,510370.38031686767,728.7951959443662,-8.829485507052024,0.0015504021404990648,492,609,163716.29583705336,429.85777282049526,-7.595001627247968,0.0028507372736579916,501,272,92330.54940609749,336.700811524686,-6.973135401874465,0.003959342423447691,493,233,308466.77448335773,574.0758191744383,-8.282792832962793,0.0020206224874552785,379,331,45394.831365223494,253.4981876124605,-6.2022878701121265,0.0060630726418397845,400,354
WASP36B.2025-02-17.0156_reduced.fits,2460724.6216463116,232091.91655193976,505.25096748687537,-7.97392188943315,0.002363586272367263,497,399,43840.97835393201,257.1374358509463,-6.164472445577869,0.006368092916361753,636,436,428328.14613287384,671.7186591636306,-8.639213386172472,0.0017026881708569696,492,609,137394.39100564778,400.27581528577053,-7.404694360934213,0.003163112710525235,501,272,76924.51910862171,315.06577995652873,-6.774933827232667,0.00444693484136219,493,233,259046.7042799441,530.9573793297344,-8.093217030734522,0.0022253888599902964,379,331,33109.7442203596,225.06717565728113,-5.859661416736024,0.0073804128321687664,400,354
WASP36B.2025-02-17.0157_reduced.fits,2460724.6234261408,238780.06637011093,502.4172868694606,-8.004767023801385,0.0022844982269374474,497,399,45183.85944346196,242.56171525236857,-6.197230162481019,0.005828586565679844,636,436,430585.142033584,666.7713403737941,-8.644919451819389,0.0016812883536108398,492,609,141698.38794559933,393.86888192983423,-7.438184125997918,0.003017943331881829,501,272,79220.84925663618,304.38074400823564,-6.806870586811142,0.0041715936764370656,493,233,263395.6464522659,526.0095535844582,-8.111293333429927,0.002168250022609265,379,331,39921.57346797416,229.213261992507,-6.062790977924163,0.006233850911603464,400,354
WASP36B.2025-02-17.0158_reduced.fits,2460724.625200136,270624.9990455235,536.1319965155008,-8.140691632775079,0.0021509392007359237,497,399,51569.07318951637,261.10452941703784,-6.3407451679681515,0.005497299510747144,636,436,487198.9005945405,710.0975285006008,-8.77903760137018,0.0015824719527517946,492,609,159653.69653935824,419.6228667806959,-7.567719298416668,0.002853674851780731,501,272,88654.83620242318,323.7911203241208,-6.929027931721951,0.003965398360360231,493,233,298317.2802603519,561.1394458080848,-8.246467879701203,0.002042286694555665,379,331,45159.948640716975,246.53134608821114,-6.1966554507131235,0.005927110550661549,400,354
WASP36B.2025-02-17.0159_reduced.fits,2460724.627661564,276308.0361354538,541.7433351466818,-8.163255642633713,0.002128748627371889,497,399,53573.46743260145,265.59260740889846,-6.3821462426121265,0.005382580657911145,636,436,510628.30635480024,726.5256747815673,-8.830034067294354,0.0015447933829359332,492,609,164395.22374245414,425.83678911234915,-7.599494841386251,0.0028124078591331455,501,272,92077.37335070234,330.1646204524977,-6.9701541570546235,0.0038931571233050246,493,233,305432.63395054423,567.7284640436609,-8.272060445847082,0.0020181319196682,379,331,45662.08603806708,247.787868939252,-6.208661222421509,0.00589180836335257,400,354
WASP36B.2025-02-17.0160_reduced.fits,2460724.6294308254,261335.3057155444,528.040518821964,-8.10276706670652,0.0021937820735492444,497,399,50909.5337257812,261.79401825086165,-6.32676965087402,0.0055832222965367445,636,436,484391.9982683308,708.3885594933555,-8.772764253275058,0.001587811336330819,492,609,156468.42706847956,416.8631833303886,-7.545838644235104,0.002892618396262418,501,272,87087.5235646369,323.11829581301043,-6.909661705002072,0.004028375338099388,493,233,288770.3370181805,553.0011138099488,-8.2111533016568,0.0020792070845463296,379,331,42933.12515263299,242.04624208761368,-6.141753108450204,0.0061211096868883826,400,354
WASP36B.2025-02-17.0161_reduced.fits,2460724.6311978763,266920.90752509027,528.9103448723118,-8.125728334292615,0.002151413000291098,497,399,52243.42762721887,255.07103311385336,-6.354851009186147,0.005300951105522112,636,436,494065.3049821149,712.0240909732006,-8.794232745514496,0.0015647128556367362,492,609,159222.0557905376,414.6960090273742,-7.564779919857729,0.0028278147065381766,501,272,89285.5633162078,319.48000271830034,-6.93672495985753,0.003884961832172454,493,233,293691.1234087804,553.4515627968237,-8.229498903611258,0.0020460352779273477,379,331,45341.57519378167,240.13842251321677,-6.20101336162554,0.00575028499477145,400,354
WASP36B.2025-02-17.0162_reduced.fits,2460724.6329735033,269315.76197262516,531.4798197711202,-8.135426281539553,0.002142640587380419,497,399,52295.107981032044,255.81026054899095,-6.3559245125684996,0.005311060100064993,636,436,500346.37460010895,716.6660148059976,-8.807948745685401,0.0015551431538131661,492,609,160910.38738163363,416.97216745987043,-7.576232053300023,0.0028135025087841206,501,272,90033.8474642918,320.69095402456236,-6.945786376056205,0.0038672764646760826,493,233,299737.26750682463,559.2010690595442,-8.251623711946714,0.0020255901158623,379,331,46250.74965631385,242.072955188029,-6.22256879337069,0.005682661872369367,400,354
WASP36B.2025-02-17.0163_reduced.fits,2460724.634749582,270936.98660704744,536.9931811006196,-8.141942592914187,0.0021519134235990505,497,399,52754.7256408415,264.8246916740218,-6.365425274266983,0.0054503127856624705,636,436,502114.5718895462,720.6657818489915,-8.811778915453058,0.0015583155213744642,492,609,161859.20054140498,423.12995664154147,-7.582615329822751,0.002838315719506712,501,272,90281.97631333672,328.32249845936593,-6.948774495892339,0.003948425122826202,493,233,300638.41575286665,563.7650184922148,-8.254883037860884,0.002036000921639694,379,331,45235.307785314435,247.20870338817545,-6.198465726469592,0.0059334942667725685,400,354
WASP36B.2025-02-17.0164_reduced.fits,2460724.6365119223,281356.08331643697,548.1065702108651,-8.182912626491891,0.002115110291304563,497,399,55040.93027336675,272.67172479584576,-6.411486266136902,0.005378716568821283,636,436,520351.99798462127,734.6276587759387,-8.850514918491621,0.0015328313319425571,492,609,168356.34134435072,432.920790929312,-7.6253455505029955,0.002791922019397407,501,272,93673.37041019798,335.32226049183186,-6.988812218918041,0.003886606373647497,493,233,311897.7922395544,575.2822253033942,-8.294802603925246,0.0020025942969355425,379,331,46212.37697196735,252.6038907365058,-6.221667620836733,0.0059347994543054805,400,354
WASP36B.2025-02-17.0165_reduced.fits,2460724.638283371,271195.2924238109,534.4592669007308,-8.14297721862909,0.0021397192069830444,497,399,52701.59438260944,259.03519499926534,-6.364331237692692,0.005336534744574818,636,436,502428.7293438983,718.9253620708106,-8.812458014368726,0.001553580136905054,492,609,161145.55098158063,418.84037614597366,-7.577817651635392,0.0028219839618667223,501,272,89850.72592481077,322.2540600666517,-6.943575827922807,0.0038940464480771695,493,233,300179.69354914426,560.7587887010899,-8.253225127110284,0.0020282388586335565,379,331,44647.47953718103,241.16889111667336,-6.184264219605264,0.005864738598036345,400,354
WASP36B.2025-02-17.0166_reduced.fits,2460724.640072389,271505.20392643753,535.644651578963,-8.144217247623025,0.0021420171057270265,497,399,52552.17591407109,260.3193511506393,-6.36124860892846,0.005378238663334133,636,436,501842.2136783616,719.2351075681712,-8.81118982799023,0.0015560659799742588,492,609,161993.4372835076,421.10059636205744,-7.58351540400609,0.0028223622572769048,501,272,89367.48807527497,322.9673454261081,-6.93772072995524,0.003923768558744639,493,233,299800.4836843311,561.3676194273759,-8.251852675319789,0.002033009223670709,379,331,45564.76702372821,245.23482402973525,-6.206344737443349,0.005843557303341754,400,354
WASP36B.2025-02-17.0167_reduced.fits,2460724.6418468817,270323.11958425917,534.5185489013381,-8.139479828968746,0.002146860917961805,497,399,52655.52706136568,261.51595856509084,-6.363381762972187,0.005392355944044399,636,436,498623.875102122,716.9059799211553,-8.80420452623216,0.0015610379219177714,492,609,160886.0539788864,419.83432587543217,-7.57606785225239,0.0028332432571377465,501,272,89454.63887646732,323.3697909919999,-6.938779019432419,0.0039248304393685865,493,233,298870.6069868296,560.5233726492352,-8.248479866363178,0.002036267552149167,379,331,44798.40244980463,243.5173974738656,-6.1879281697442625,0.005901899185402866,400,354
WASP36B.2025-02-17.0168_reduced.fits,2460724.643620657,268024.54710571206,533.0704291842219,-8.130208279451072,0.0021594061846245335,497,399,52495.26226544217,262.20327758884656,-6.360072126836592,0.0054230339881902985,636,436,495422.32628032914,715.326165853198,-8.797210787950346,0.0015676635373073065,492,609,160386.1840130217,420.2340071518882,-7.572689238768967,0.0028447791737369835,501,272,88744.36810679923,323.5560874835931,-6.930123855896966,0.003958522280851203,493,233,295718.21450459014,558.2422424234306,-8.236967040706952,0.0020495991923929163,379,331,44209.60077390965,243.54199624869355,-6.173563335142847,0.005981107227331586,400,354
WASP36B.2025-02-17.0169_reduced.fits,2460724.6453946866,263822.62814302143,530.9394813050321,-8.113051958288422,0.0021850294701630723,497,399,51417.22809320847,263.13804740773446,-6.337543502581788,0.005556474269714187,636,436,485601.16220221587,709.8106328543581,-8.775471146053333,0.0015870371873025558,492,609,156762.975247945,418.0560353762689,-7.547880596059789,0.0028954450022892803,501,272,87447.29731306416,324.6851673858512,-6.914137831146798,0.004031255993158145,493,233,291528.99795047165,556.300079354386,-8.221476252015359,0.0020718183820859254,379,331,42473.14131320622,242.22992736630152,-6.130057808848562,0.00619209679072528,400,354
WASP36B.2025-02-17.0170_reduced.fits,2460724.64718992,266307.7447554614,538.9280264770271,-8.123231344271625,0.0021972086115717676,497,399,51057.76825263229,273.0904721135508,-6.329926421777103,0.005807230180549188,636,436,494419.88087874226,720.0818360677673,-8.795011666453972,0.0015812853609728252,492,609,157885.09193097387,426.0050922124461,-7.555624663167212,0.002929530244873229,501,272,88901.41761726224,335.3187276602133,-6.932043568015964,0.004095184222162873,493,233,295474.63442738,565.0973312042169,-8.236072362349367,0.0020764781819246412,379,331,41920.187886480635,251.492837835887,-6.115829903585689,0.006513684528686202,400,354
WASP36B.2025-02-17.0171_reduced.fits,2460724.6489636833,273539.1339040702,539.1761954908817,-8.15232052110749,0.0021401073690373576,497,399,51956.451671208946,261.74142245793536,-6.348870561315825,0.005469621760274078,636,436,503601.4743582841,721.44224278498,-8.81498933458782,0.0015553885413692934,492,609,162444.94100994978,423.2378615334314,-7.586537329226055,0.0028288025877217593,501,272,90373.98923332791,326.920173148095,-6.9498804850234075,0.00392755781905648,493,233,301231.9914175513,563.9393864590932,-8.257024584581492,0.0020326174729529364,379,331,46425.15440927961,250.26664608944014,-6.22665524453663,0.005852938174576792,400,354
WASP36B.2025-02-17.0172_reduced.fits,2460724.650739136,268772.72755108314,531.9696057805762,-8.133234848927493,0.0021489481692933523,497,399,52498.57897442616,258.210387397969,-6.360140722689133,0.005340113418672997,636,436,494727.40558444127,713.3430811840191,-8.795686774644961,0.0015655134543037016,492,609,160177.07841280894,417.22162601810527,-7.57127277232018,0.002828073962046299,501,272,89330.09336536603,321.3030972757832,-6.937266322115136,0.0039051834859997235,493,233,296929.21938376134,557.4415191635723,-8.241404193713148,0.002038312162903165,379,331,45518.33289766712,242.37906108056515,-6.205237721625664,0.0057814007046804415,400,354
WASP36B.2025-02-17.0173_reduced.fits,2460724.652510724,266520.964221061,533.5503826209936,-8.124100291840769,0.0021735437179106094,497,399,50685.73070169157,262.20130680060345,-6.321986131870165,0.005616599539696647,636,436,490756.74980770354,713.487889818155,-8.786937556225219,0.0015785002120410774,492,609,157800.91239737836,419.1932029289683,-7.555045627237602,0.0028842243704039813,501,272,87725.25114423207,324.6252446590734,-6.91758340288371,0.00401774148842657,493,233,291724.38143090025,556.2486496658009,-8.22220367146614,0.0020702393637023926,379,331,43139.64934359803,243.60362307366916,-6.146963379012894,0.006131001925276101,400,354
WASP36B.2025-02-17.0174_reduced.fits,2460724.654275402,269587.5005133931,534.0104575613246,-8.13652123277657,0.0021506727366426273,497,399,52543.1490275683,261.2646374990192,-6.3610620960170285,0.005398695761589407,636,436,493698.0208128479,713.601283873745,-8.793425317807934,0.001569345464233317,492,609,159833.11035379968,418.8971075907881,-7.56893872964354,0.0028455415450092184,501,272,89528.047545387,324.10119577876173,-6.939669635789248,0.003930482255675367,493,233,297199.54155250493,559.0759669294462,-8.242392190272493,0.0020424291886002818,379,331,44899.343647833455,244.50045547748357,-6.190371833365342,0.005912402610468148,400,354
WASP36B.2025-02-17.0175_reduced.fits,2460724.65604236,267531.92647117993,534.0322615614843,-8.128210894542642,0.0021672858583053193,497,399,50895.46336274704,262.02824501483434,-6.326469533923095,0.00558976249521828,636,436,489377.41553142,712.0496518514286,-8.78388165999421,0.0015797584074471484,492,609,157697.71085385839,418.63552885187516,-7.554335325208209,0.0028822723412501986,501,272,88597.10145422132,326.04952986738743,-6.928320636676933,0.003995658698883118,493,233,292283.9791754445,556.5747373987126,-8.224284380436371,0.002067487054036586,379,331,44553.48597506459,247.6294328046233,-6.1819760773057055,0.006034550039702255,400,354
WASP36B.2025-02-17.0176_reduced.fits,2460724.657805996,274727.3123614267,545.3086901174215,-8.15702644610894,0.002155087466697923,497,399,52888.38090428003,275.2448765305571,-6.36817253228773,0.005650453322900322,636,436,499807.6579412804,722.8129396864696,-8.8067791173719,0.001570172376145253,492,609,161208.2998854975,428.8558411725055,-7.578240347114095,0.002888339581235665,501,272,90256.01425682093,336.146889558903,-6.9484622298167675,0.0040436845246947265,493,233,299388.7624334923,567.2732326044007,-8.250360590000989,0.00205722179290413,379,331,42727.16964230674,250.66723587946203,-6.1365321648250335,0.006369682233093609,400,354
WASP36B.2025-02-17.0177_reduced.fits,2460724.659586136,273255.50897136,542.0574125064165,-8.151194168135142,0.0021537767345704735,497,399,52250.689171309656,269.6270069658761,-6.355001909955989,0.0056026783165219335,636,436,494996.73971652775,717.9846018863168,-8.796277698544293,0.0015748424467871248,492,609,160516.6590411812,425.2305717901416,-7.573572131973324,0.002876263622233189,501,272,89363.80484004141,331.03757763793834,-6.9376759809716795,0.004021980530263792,493,233,297633.22988684924,563.82863371711,-8.243975395610942,0.0020567903696059203,379,331,43398.76205121277,248.00587086159277,-6.153465205981066,0.00620453073452301,400,354
WASP36B.2025-02-17.0178_reduced.fits,2460724.6613715775,274265.38486758294,541.7611965342106,-8.155199348863649,0.002144673655023102,497,399,51789.07737973706,266.03941799124607,-6.34536728773242,0.005577404399154092,636,436,496363.2608457638,717.9493159796797,-8.799270924826244,0.0015704296168339692,492,609,160919.54949504547,424.3327781983659,-7.576293872522576,0.0028630049089824953,501,272,89626.75598790166,329.482621051255,-6.940866046250864,0.0039913439527169674,493,233,298415.26263509307,563.3061733566432,-8.246824431439189,0.002049499416941496,379,331,43859.10851641857,246.92076832128998,-6.1649213521820165,0.006112545989683294,400,354
WASP36B.2025-02-17.0179_reduced.fits,2460724.6631465447,276116.76318268926,544.6471313595861,-8.162503786531806,0.002141641465438679,497,399,52655.82124542082,270.39165268249155,-6.3633878289144565,0.0055753381076987215,636,436,499827.01659872674,721.2843944988506,-8.806821169525158,0.001566791219817473,492,609,161374.81853377857,426.0470261501237,-7.5793612696357116,0.002866461356385029,501,272,89966.86359335882,331.9954040883198,-6.944978303502084,0.004006579929931028,493,233,298767.9658878647,564.7246519002326,-8.248106928057666,0.0020522347449982046,379,331,44214.55836924234,250.17091595853546,-6.173685081072897,0.006143216869098849,400,354
WASP36B.2025-02-17.0180_reduced.fits,2460724.664927368,272781.61334634636,540.0512374407899,-8.149309586499543,0.0021495333711125594,497,399,51567.88258557599,265.3559736366364,-6.340720100681766,0.005586938483425842,636,436,493744.6228099712,715.9877577054037,-8.793527799660131,0.0015744451580661325,492,609,159277.40985212996,421.54984494389913,-7.565157313956242,0.002873552057323629,501,272,89000.32099080666,327.68144640923003,-6.933250784823772,0.0039974643465697365,493,233,296311.2482076565,561.1069769579184,-8.239142197242122,0.0020559940377243356,379,331,44512.757266486115,248.9992615158954,-6.180983094219194,0.006073483868171681,400,354
WASP36B.2025-02-17.0181_reduced.fits,2460724.666696675,270694.8673803317,535.3708180690902,-8.14097190544118,0.002147330999563767,497,399,52104.6171897325,261.033565770412,-6.351962376117045,0.005439318208250782,636,436,491482.2644469622,712.2728299640501,-8.788541478779194,0.0015734858714132793,492,609,157914.69077093812,416.54348524866657,-7.555828187894096,0.0028639282424117707,501,272,88526.85567990728,322.9440903107693,-6.927459450131232,0.0039607426274224184,493,233,295770.80877071864,558.1813903129723,-8.237160124591188,0.00204901135038929,379,331,44890.385985443754,244.78125996578748,-6.190155201498012,0.005920374047960861,400,354
WASP36B.2025-02-17.0182_reduced.fits,2460724.6684766533,264366.9604722944,530.1062415618156,-8.115289796895153,0.00217710843217203,497,399,50588.12405100265,259.4992333427708,-6.319893289496386,0.0055694437782110254,636,436,478552.8532289128,703.6370672676705,-8.75959662717307,0.0015964051489562503,492,609,153653.5105307483,412.49543884646613,-7.526128070003781,0.0029147478030681095,501,272,85750.01975173583,319.40910233160787,-6.89285742423729,0.004044244275800307,493,233,288399.6936793771,552.0719313114231,-8.209758839276892,0.002078381137678779,379,331,42867.13950407281,240.7713425463459,-6.140083113094189,0.006098241373114065,400,354
WASP36B.2025-02-17.0183_reduced.fits,2460724.670252928,276377.00441457256,542.219006119115,-8.163526615620185,0.0021300860652227692,497,399,53206.63284450534,266.33578472917014,-6.374686291566904,0.005434856307261887,636,436,501655.0756643815,720.6064072731746,-8.810784879174566,0.001559614371928737,492,609,161636.10185839477,422.8123212795976,-7.581117772646596,0.0028400997039217026,501,272,90271.88980700933,327.93613272109917,-6.948653188214516,0.0039442193234777954,493,233,300508.78363337065,563.7111168478452,-8.254414778879518,0.002036684456228921,379,331,44809.53844540773,246.78852505259957,-6.188198028722022,0.00597969195542844,400,354
WASP36B.2025-02-17.0184_reduced.fits,2460724.6720314827,271191.4697765207,539.3327800923093,-8.142961914470323,0.002159260858173839,497,399,51699.82292199183,267.110574312947,-6.343494491327108,0.005609528327454668,636,436,493260.6882873782,716.254063476053,-8.792463113851234,0.0015765760114011043,492,609,158624.7342942147,422.26473234293985,-7.560699121447046,0.0028902687209352317,501,272,88294.40427730192,328.31637948304837,-6.924604804155907,0.004037231835217129,493,233,293114.9887919327,558.801274876816,-8.227366920319621,0.0020698729119902884,379,331,43506.90138481697,248.18280149692768,-6.1561672358743635,0.006193524346864906,400,354
WASP36B.2025-02-17.0185_reduced.fits,2460724.673805998,257205.07690027653,524.6913936957463,-8.08547069425112,0.0022148724641284897,497,399,49422.165649472045,260.50936843506776,-6.294576282373602,0.005723028306665254,636,436,466201.99945303367,695.8674085482493,-8.73120718185135,0.0016206031721409735,492,609,149713.90707156665,409.3366663977435,-7.497927213003202,0.0029685394452405958,501,272,83422.11552843847,317.90412799386,-6.862974850020411,0.004137512207866889,493,233,277984.74237858603,543.6786268061738,-8.169824251484846,0.0021234675105755675,379,331,40236.38226920326,237.49053340085342,-6.071319166230912,0.006408430774801171,400,354
WASP36B.2025-02-17.0186_reduced.fits,2460724.675568361,272241.99998099887,545.7337416566222,-8.147159668791623,0.002176456540563431,497,399,51851.134139469694,277.5117942108796,-6.346667502733069,0.005810954904316796,636,436,494906.04915701767,721.4835363595372,-8.796078757748747,0.0015828070760031245,492,609,160009.2607292181,430.7207014949368,-7.570134649113264,0.0029226374624858062,501,272,89744.90304137453,339.4488653404264,-6.94229633409774,0.004106661328657926,493,233,295039.9111924522,565.9641680071398,-8.23447377398612,0.00208272767341073,379,331,41665.642168312384,252.89464027916083,-6.109217051714657,0.0065900068413967715,400,354
WASP36B.2025-02-17.0187_reduced.fits,2460724.67733761,268072.5444506572,538.3230860865332,-8.130402693694684,0.0021802936425996365,497,399,50425.55929774493,267.68216335391804,-6.316398662139849,0.0057635893417710875,636,436,486152.68378605455,712.4799582225609,-8.776703571359487,0.0015911982214773155,492,609,156915.1667451921,422.38338055419445,-7.548934158992377,0.002922578728801377,501,272,88409.44332231066,331.4495461036133,-6.92601849237458,0.004070456262725128,493,233,291461.7884234061,559.299303789906,-8.221225915924743,0.00208346866567141,379,331,42369.910789441376,248.75362801183306,-6.1274157263298665,0.00637435422839473,400,354
WASP36B.2025-02-17.0188_reduced.fits,2460724.6791115003,277656.70763822243,549.1458856485323,-8.16854227644357,0.0021473551812025518,497,399,52271.42720690189,275.34967018449635,-6.355432747698924,0.005719321661223812,636,436,501094.17957373237,724.4022109973322,-8.809570247993225,0.001569584599756685,492,609,163157.40913935538,432.3405894868472,-7.591288853145187,0.00287702429983681,501,272,90725.40938551426,338.2652723671339,-6.954094193783634,0.004048114585636764,493,233,300340.8668980758,569.0650288060039,-8.253807927287012,0.0020571776029603135,379,331,42687.81463297284,252.16963932961895,-6.13553165743494,0.006413767242830152,400,354
WASP36B.2025-02-17.0189_reduced.fits,2460724.6808867794,269632.7912362853,538.742761692275,-8.136703621230609,0.0021693671557481095,497,399,51681.1126199026,269.02791657464155,-6.343101489416348,0.0056518394111207985,636,436,488302.71071341744,713.2243739395414,-8.781494690332071,0.0015858472785677134,492,609,158653.26596015447,423.2397333400243,-7.560894394127481,0.0028964213185176417,501,272,88805.45184746604,330.84553109866283,-6.930870923186561,0.004044920259098929,493,233,292583.02874243044,559.3525399818491,-8.225394680609893,0.0020756819234937413,379,331,43660.36798414624,250.4090035822645,-6.159990331779092,0.006227114743636513,400,354
WASP36B.2025-02-17.0190_reduced.fits,2460724.682679732,268378.60792622156,537.2697854418162,-8.13164159207698,0.0021735460299323593,497,399,51173.3326756681,266.9885872978629,-6.332381105926603,0.005664653059118582,636,436,486336.60551912675,711.5948924445473,-8.77711425040555,0.0015886205748862285,492,609,156482.8525317267,419.985899181217,-7.5459387380755825,0.0029140183020148662,501,272,88322.97588487818,329.1380473298047,-6.924956085881588,0.004046026424824608,493,233,291693.42675784574,558.2610816929375,-8.222088458633067,0.00207794969821052,379,331,43032.83810816005,247.66526913140842,-6.14427182656478,0.0062486966042369025,400,354
WASP36B.2025-02-17.0191_reduced.fits,2460724.6844489807,256784.13407360204,524.7373870147885,-8.08369231852075,0.002218697744420742,497,399,48055.12282061959,257.29821442369627,-6.264121081286712,0.0058132821314850515,636,436,463464.39652740647,694.0160976732692,-8.72481279518786,0.0016258388121605455,492,609,151443.9322649197,412.2868100058357,-7.510401546423164,0.002955778482986879,501,272,84276.46092050517,320.5065747989404,-6.874037576589677,0.00412909593404107,493,233,279936.03280373925,546.1567479863593,-8.177418861304375,0.002118277339371622,379,331,41431.90716688658,241.27515666745592,-6.103109164667078,0.006322691635877979,400,354
WASP36B.2025-02-17.0192_reduced.fits,2460724.6862182645,268471.3148304926,538.2560800906533,-8.13201657673892,0.002176784189977967,497,399,50700.66099374208,267.4296779968707,-6.322305905726853,0.005726909234257312,636,436,488209.13710997906,713.8403815495365,-8.7812866104207,0.001587521182529803,492,609,157338.56037896624,422.416102967066,-7.551859782687646,0.002914939957245812,501,272,88192.48544789517,330.5379165155633,-6.923350807606852,0.0040692467298508615,493,233,293245.4922485112,560.5409717193884,-8.227850214588502,0.0020753929500484337,379,331,42720.88576973977,249.83628243852337,-6.136372474170134,0.0063495007703660445,400,354
WASP36B.2025-02-17.0193_reduced.fits,2460724.6879828027,268018.20548143634,536.1610029606368,-8.130182589966267,0.0021719771291212296,497,399,50918.59423306792,265.3761429015184,-6.326962865087378,0.005658610387168291,636,436,487692.63525473856,712.2193851761182,-8.78013734554118,0.0015855937045519972,492,609,157231.36400956823,420.36110150935025,-7.551119807408665,0.002902736803535805,501,272,87821.04930129682,327.06607523461525,-6.918768406925782,0.004043534916237037,493,233,291466.6934317159,557.4204999661137,-8.22124418761766,0.002076434912551594,379,331,43900.823805503314,249.0785922441877,-6.165953527159004,0.006160104116219363,400,354
WASP36B.2025-02-17.0194_reduced.fits,2460724.6897545056,261758.22420751498,530.1277654218575,-8.104522691627022,0.0021988952202309092,497,399,49587.297424147684,262.3018650717754,-6.298197950585874,0.005743217442322698,636,436,475734.46422729874,703.3641633846373,-8.753183389106718,0.0016052398864069767,492,609,154576.90282756233,417.05272513145235,-7.532633355683905,0.0029293460710193425,501,272,85999.00533328982,324.49028270227325,-6.896005422889434,0.004096685149516267,493,233,285489.3249743639,551.7709132534324,-8.198746536692841,0.0020984240209524613,379,331,42499.389718379876,244.99806638750576,-6.130728586672283,0.006258990365163085,400,354
WASP36B.2025-02-17.0195_reduced.fits,2460724.6915229093,258392.30539029886,527.9375904384075,-8.090470794241465,0.002218336010145249,497,399,48732.829647489314,262.4277462467363,-6.279325925376515,0.005846721959184248,636,436,466291.9727269036,697.3462823157231,-8.731416700076922,0.0016237339483583606,492,609,154377.1926495252,418.48641238564835,-7.531229699903784,0.0029432187574362956,501,272,85463.74486846365,325.3341910809728,-6.889226649624947,0.004133063797355938,493,233,280316.0601515103,547.9876640623036,-8.178891803641381,0.0021224971780485855,379,331,40725.54000461266,242.77266427662545,-6.0844389813418545,0.006472279338736046,400,354
WASP36B.2025-02-17.0196_reduced.fits,2460724.693294612,263772.2069155888,530.622017454772,-8.112844434830492,0.0021841404070930487,497,399,51133.84962555871,262.4584472954171,-6.331543077195051,0.005572837573543518,636,436,476780.9600898105,703.0673062736158,-8.755569111950077,0.0016010405043423858,492,609,154819.10745815322,415.24558468839376,-7.534333250843303,0.00291208993879524,501,272,86973.38324414239,323.1758573576525,-6.908237763251811,0.004034380585747583,493,233,287690.0209036362,552.4686161590508,-8.207083846835928,0.002085005161709876,379,331,43799.63894486608,245.85887760676238,-6.163448178569755,0.0060945224917236095,400,354
